sentiment_mean,count,std,sentiment_mean_3d
0.28100833333333336,12,0.596160028025321,0.14489702380952382
0.008785714285714296,21,0.7373889016561846,0.09855079365079367
0.005858333333333331,24,0.6326385889869209,-0.0018769841269841252
-0.020275,52,0.6571311615502586,-0.007208333333333336
