sentiment_mean,count,std,sentiment_mean_3d
0.2810083333333333,12,0.596160028025321,0.1448970238095238
0.0087857142857142,21,0.7373889016561846,0.0985507936507936
0.0058583333333333,24,0.6326385889869209,-0.0018769841269841
-0.020275,52,0.6571311615502586,-0.0072083333333333
