,sentiment_mean,btc_next_ret,eth_next_ret,sol_next_ret
sentiment_mean,1.0,0.8782938034228237,0.6817030558340369,0.7893863383193039
btc_next_ret,0.8782938034228237,1.0,0.8435472054126751,0.8330796893686082
eth_next_ret,0.6817030558340369,0.8435472054126751,1.0,0.856472271475069
sol_next_ret,0.7893863383193039,0.8330796893686082,0.856472271475069,1.0
